{
  "population_norms": {
    "vocabulary_sophistication": {
      "mean_aoa": 9.02,
      "stddev_aoa": 3.76,
      "min_aoa": 2.0,
      "max_aoa": 14.0,
      "source": "Kuperman AoA Dictionary (31,766 words)",
      "notes": "Mean Age of Acquisition for English vocabulary. Higher AoA = more sophisticated vocabulary."
    },
    "lexical_diversity": {
      "mean_ttr": 0.65,
      "stddev_ttr": 0.12,
      "mean_msttr": 0.70,
      "stddev_msttr": 0.10,
      "source": "Corpus linguistics research - typical English text TTR varies by length",
      "notes": "TTR decreases with text length. MSTTR is more stable across lengths."
    },
    "sentence_complexity": {
      "mean_words_per_sentence": 12.5,
      "stddev_words_per_sentence": 4.5,
      "twitter_mean": 8.5,
      "twitter_stddev": 3.0,
      "source": "Corpus linguistics research - English sentence length norms",
      "notes": "Twitter baseline is lower due to 280-character constraint"
    },
    "grammatical_precision": {
      "mean_dependency_depth": 1.95,
      "stddev_dependency_depth": 0.35,
      "min_depth": 1.5,
      "max_depth": 3.5,
      "source": "Dependency parsing research - English sentence dependency depth",
      "notes": "Calibrated against spaCy dependency parsing results"
    }
  },
  "correlation_coefficients": {
    "vocabulary_intelligence": 0.55,
    "diversity_intelligence": 0.40,
    "sentence_intelligence": 0.35,
    "grammar_intelligence": 0.45,
    "source": "Research-validated correlations between linguistic features and intelligence",
    "notes": "These coefficients determine how strongly each dimension predicts IQ"
  },
  "dimension_weights": {
    "vocabulary_sophistication": 0.35,
    "lexical_diversity": 0.25,
    "sentence_complexity": 0.20,
    "grammatical_precision": 0.20,
    "source": "Trained weights based on research-validated importance",
    "notes": "Vocabulary weighted highest due to strongest correlation with intelligence"
  },
  "twitter_adjustments": {
    "vocabulary_weight": 0.45,
    "sentence_baseline": 8.5,
    "source": "Twitter-specific adjustments for constrained text length",
    "notes": "Vocabulary becomes more important in short texts"
  }
}

